timestamp,cabin,identity,event
2026-09-25T19:05:12+05:30,Driver Active,Driver,PLEASE FOCUS ON THE ROAD
2026-09-25T19:05:25+05:30,Driver Active,Driver,PLEASE FOCUS ON THE ROAD
2026-09-25T19:05:29+05:30,Driver Active,Driver,PLEASE FOCUS ON THE ROAD
2026-09-25T19:05:35+05:30,Driver Active,Driver,WARNING: YAWNING DETECTED
2026-09-25T19:05:54+05:30,Driver Active,Driver,WARNING: DROWSINESS DETECTED
2026-09-25T19:05:55+05:30,Driver Active,Driver,CRITICAL: DRIVER SLEEP DETECTED
2026-09-25T19:06:02+05:30,Driver Active,Driver,WARNING: DROWSINESS DETECTED
2026-09-25T19:06:05+05:30,Driver Active,Driver,WARNING: DROWSINESS DETECTED
2026-09-25T19:06:06+05:30,Driver Active,Driver,CRITICAL: DRIVER SLEEP DETECTED
2026-09-25T19:06:38+05:30,Driver Active,Driver,PLEASE FOCUS ON THE ROAD
2026-09-25T19:07:01+05:30,Driver Active,Driver,PLEASE FOCUS ON THE ROAD
2026-09-25T19:07:11+05:30,Driver Active,Driver,PLEASE FOCUS ON THE ROAD
2026-09-25T19:07:17+05:30,Driver Active,Driver,WARNING: DROWSINESS DETECTED
2026-09-25T19:07:18+05:30,Driver Active,Driver,CRITICAL: DRIVER SLEEP DETECTED
2026-09-25T19:10:22+05:30,Driver Active,Driver,PLEASE FOCUS ON THE ROAD
2026-09-25T19:10:29+05:30,Driver Active,Driver,WARNING: DROWSINESS DETECTED
2026-09-25T19:10:30+05:30,Driver Active,Driver,CRITICAL: DRIVER SLEEP DETECTED
2026-09-25T19:10:36+05:30,Driver Active,Driver,WARNING: DROWSINESS DETECTED
2026-09-25T19:10:37+05:30,Driver Active,Driver,CRITICAL: DRIVER SLEEP DETECTED
2026-09-25T19:10:59+05:30,Driver Active,Driver,WARNING: DROWSINESS DETECTED
2026-09-25T19:11:00+05:30,Driver Active,Driver,CRITICAL: DRIVER SLEEP DETECTED
2026-09-25T19:11:42+05:30,Driver Active,Driver,WARNING: DROWSINESS DETECTED
2026-09-25T19:11:43+05:30,Driver Active,Driver,CRITICAL: DRIVER SLEEP DETECTED
2026-09-25T19:12:09+05:30,Driver Active,Driver,WARNING: DROWSINESS DETECTED
2026-09-25T19:12:10+05:30,Driver Active,Driver,CRITICAL: DRIVER SLEEP DETECTED
